연번,판매소명,주소,지정일자,latitude,longitude
1,인광슈퍼,미추홀구 숭의1동403-21(인중로26번길22-2),1994-12-20,37.46381656,126.6400402
2,광해슈퍼,"미추홀구 미추로 61, 101호(숭의동,광해리드빌상가)",1996-10-09,37.46547052,126.6453355
3,시설관리공단,미추홀구 숭의1동129-34,2003-02-04,37.46543583,126.6479584
4,현대슈퍼,미추홀구 숭의1동 148-12(경인로 33번길 14),2013-10-29,37.46454007,126.6467269
5,현대홈마트,"미추홀구 독정이로 115, 101호(숭의동, 현대상가)",2016-04-29,37.4655849,126.6494884
6,지에스25 숭의로터점,"미추홀구 석정로 13, 1층 101호(숭의동)",2016-06-14,37.46130376,126.6417637
7,사거리 슈퍼마켓,미추홀구 미추로 43 (숭의동),2018-01-31,37.4638145,126.646219
8,하나로공판장마트,"미추홀구 인주대로11번길 32, 1층 (숭의동)",2018-03-21,37.46179416,126.6405111
9,세븐일레븐인천숭의공구점,미추홀구 인중로 16,2018-05-02,37.46301958,126.6409153
10,플러스마트,"미추홀구 경인로41번길 29, 1층,지하층(숭의동)",2018-06-14,37.46539913,126.6467392
11,이마트24 숭의공구,인중로16번길 16(숭의동)이마트24 숭의공구상가점,2019-05-21,37.46334124,126.6414783
12,씨유 숭의 솔루나,제물량로24번길51,2020-04-17,37.46199976,126.6397397
13,씨스페이스 숭의스타,"인천광역시 미추홀구 인중로 25(숭의동, 썬에이스빌",2022-06-14,37.4628972,126.6397807
14,씨유 도원서희점,"인천광역시 미추홀구 참외전로 268(숭의동, 스타디움",2022-06-22,37.46764233,126.6430116
15,(주)코리아세븐 인천스타디움,"인천광역시 미추홀구 참외전로 268(숭의동, 스타디움",2022-08-09,37.46764233,126.6430116
16,알짜마트,인천광역시 미추홀구 경인로 51(숭의동) 1층,2023-03-17,37.46471589,126.6486106
17,씨유 숭의저스트점,인천광역시 미추홀구 석정로 21(숭의동) 107호(숭의동,2023-03-23,37.46174044,126.6420491
18,이마트24 숭의미추로점,인천광역시 미추홀구 미추로 48 (숭의동) 1층,2023-06-22,37.46428936,126.6463496
19,전도슈퍼,미추홀구 숭의2동295-14 서진맨션상가 A동 102호,1994-12-20,37.45848743,126.6478629
20,경화슈퍼,미추홀구 숭의2동165-50,1994-12-20,37.46299325,126.6464954
21,현슈퍼,미추홀구 경인로34번길 35 (숭의동),1994-12-20,37.46236218,126.647852
22,선학슈퍼,"미추홀구 미추로19번길 29, 101호(숭의동)",1999-10-03,37.46196496,126.6457525
23,한흥슈퍼,미추홀구 숭의2동182-19,1999-10-03,37.46337549,126.6479543
24,거북슈퍼,미추홀구 숭의2동  205-10,2001-02-28,37.46113623,126.6495658
25,경미슈퍼,미추홀구 독배로 474-1 (숭의동),2003-11-10,37.46092987,126.6464397
26,행복한마트,미추홀구 숭의2동 185-29,2008-06-16,37.46162633,126.649066
27,한사랑할인마트,"숭의2동 294-11(독배로443)삼화복합빌딩109호,110호",2013-04-26,37.45882404,126.6481639
28,GS25숭의오거리점,"경인로42번길 83,101호(숭의동)",2020-06-30,37.46068819,126.6498495
29,세븐일레븐 숭의본점,미추홀구 숭의2동,2014-11-25,37.46139574,126.647243
30,GS25 숭의타운,"미추홀구 미추로19번길 8, 101호(숭의동)",2015-08-20,37.46178181,126.6469066
31,아울렛 마트,미추홀구 경인로 16(숭의동),2020-03-18,37.46284761,126.6450121
32,사랑할인마트,"독배로462번길 30-7, 101호(숭의동,골드프라임)",2016-10-05,37.46144534,126.6464738
33,씨유숭의그린점,"석정로10번길 12, 1층 101호(숭의동(신정아파트)",2017-02-13,37.46040929,126.6426455
34,판다백화점,"미추홀구 독배로462번길 55, 1층(숭의동)",2019-03-26,37.46127999,126.645504
35,이마트24 숭의햇빛점,"장천로 24, 1층(숭의동)",2019-11-15,37.45932764,126.6473277
36,세븐일레븐 인천경인로점,인천광역시 미추홀구 경인로42번길 3 (숭의동) 1층,2020-08-13,37.46403167,126.6478261
37,세븐일레븐 숭의동성당점,인천광역시 미추홀구 석정로10번길 25(숭의동) 1층 지,2022-04-05,37.46038979,126.6435849
38,씨유 숭의센터점,인천광역시 미추홀구 석정로10번길 63(숭의동) 1층,2022-08-11,37.45962958,126.6454043
39,이마트24R미추홀센트럴점,인천광역시 미추홀구 경인로42번길 73 (숭의동) 1층,2023-10-17,37.46114282,126.6495409
40,지에스25 숭의2동점,인천광역시 미추홀구 경인로42번길 14 (숭의동) 1층,2023-12-21,37.46338637,126.6479464
41,충남상회,미추홀구 숭의3동81-4,1999-10-03,37.46767549,126.646639
42,진로유통,미추홀구 숭의3동 105-99,2001-03-27,37.46918573,126.6495635
43,숭의상회,미추홀구 숭의3동 105-16,2007-07-13,37.46888626,126.6491795
44,아이지에이 제물포점,"미추홀구 경인로 99, 101호(숭의동, 아르떼노블)",2017-07-06,37.46651683,126.6536513
45,씨유 제물포북부역점,"미추홀구 석정로 92번길 159, 1층(숭의동)",2018-01-18,37.4670203,126.6552175
46,박문할인마트,"미추홀구 석정로 128, 1층(숭의동)",2018-06-19,37.4685031,126.649434
47,이마트24 미추홀구청,"인천광역시 미추홀구 경인로 67 (숭의동, The 미추홀)",2020-10-05,37.46549739,126.6502408
48,이마트24 제물포남부역점,"미추홀구 경인로 113, 1층 2호 (숭의동)",2021-03-29,37.46646218,126.6552041
49,씨유 숭의예찬점,"미추홀구 석정로126번길 9, 1층 (숭의동)",2021-09-30,37.46814656,126.6494286
50,은혜미니슈퍼,미추홀구 숭의4동248-53,1998-05-28,37.4606359,126.6550188
51,공원식품,미추홀구 수봉로 81 (숭의4동 13-17),2001-02-03,37.45965897,126.6595653
52,경북슈퍼,미추홀구 장천로93번길 54(숭의동),2001-02-19,37.46439067,126.6528641
53,만나유통,미추홀구 숭의4동 248-234(미추홀구 독정안길71-21),2013-07-05,37.45953968,126.6541987
54,오성할인마트,미추홀구 숭의4동1-63 (미추홀구 수봉로33번길28-26),2014-07-18,37.46285506,126.6582652
55,씨유 인천남구청점,미추홀구 독정이로100번길 1(숭의4동 173-6),2016-04-12,37.46439979,126.6505184
56,씨스페이스제물포본점,미추홀구 경인로142번길 18(숭의4동 55-7),2016-10-19,37.46550909,126.6576511
57,이마트24 숭의제일점,"미추홀구 독정안길97번길 23, 1층(숭의동)",2017-04-07,37.4597629,126.6538413
58,이마트24 숭의스카점,"미추홀구 장천로112번길 52, 102호(숭의동)",2018-07-25,37.46062464,126.6560998
59,성공할인마트,미추홀구 수봉로 41(숭의동),2019-01-09,37.46267233,126.6572677
60,씨유 숭의일등,"수봉안길35번길 59, 1층(숭의동)",2020-01-21,37.46479117,126.6600877
61,씨유 제물포대로점,"경인로108, 1층(숭의동)",2020-05-07,37.48376732,126.7672646
62,동네슈퍼,"독정안길71-21, 1층(숭의동)",2020-07-06,37.45954277,126.6541744
63,스카이마트,"장천로112번길34, 301동 1층 103호(숭의동, 스카이티)",2020-08-18,37.46134776,126.6558125
64,씨유 인천제물포,"미추홀구 경인로 120, 12호 13호",2020-01-05,37.46593362,126.6559052
65,제물포맞이 종합편의점,미추홀구 경인로 129 제물포역 구내,2021-01-27,37.4668031,126.6568696
66,지에스(GS)25숭의길목점,"미추홀구 수봉안길 16, 1층 (숭의동)",2021-07-30,37.46178163,126.659117
67,알뜰마트,인천광역시 미추홀구 수봉로 53(숭의동),2021-11-11,37.46182861,126.6581037
68,싱싱마트,인천광역시 미추홀구 수봉로 16 (숭의동) 1층,2023-04-18,37.46470732,126.6560807
69,씨유숭의스카이시티점,"인천광역시 미추홀구 장천로112번길 52 (숭의동, 스카",2023-04-25,37.46062464,126.6560998
70,스카이마트,"인천광역시 미추홀구 장천로112번길 34 (숭의동, 스카",2023-10-31,37.46134776,126.6558125
71,용현시민유통,인천광역시 미추홀구 용현1동 454-41,2001-01-29,37.45791438,126.6552262
72,동명슈퍼,용현1동1-122 (미추홀구 인주대로211번길 48),2001-01-30,37.45646244,126.661533
73,우진슈퍼,미추홀구 한나루로489번길 9(용현동),2001-02-20,37.45058601,126.6664912
74,365PLUS인천용현점,미추홀구 용현1동 128-11 (인주대로 179),2014-01-27,37.45582269,126.6570819
75,연일슈퍼,미추홀구 경인북길251번길 10(용현1동119-21),2016-01-19,37.4552888,126.6617593
76,용담마트,미추홀구 인주대로224번길 7(용현동),2016-01-20,37.45366285,126.661573
77,미추홀마트,"한나루로501번길 26, 101호~105호(용현동)",2016-10-06,37.45221523,126.6658907
78,용현식품,미추홀구 수봉로130번길 43(용현동),2017-01-18,37.45632872,126.6625699
79,화신슈퍼,미추홀구 수봉남로6번길 132(용현동),2017-05-22,37.45559881,126.6631068
80,신세계마트,미추홀구 용현1동,2017-09-13,37.45296038,126.6601124
81,OK마트,"미추홀구 인주대로266번길 18-1, 1층(용현동)",2018-06-20,37.4518951,126.6653822
82,이마트24 용현중앙점,경인남길102번길 75(용현동),2019-12-27,37.45161335,126.661961
83,세븐일레븐 용현용남점,"인하로163번길 16, 1층",2020-12-01,37.44968855,126.6663129
84,씨유 용현수봉점,"미추홀구 수봉로122번길 3, 1층 (신흥퍼스트빌)",2021-04-22,37.45758067,126.6631366
85,지에스25 뉴용현1동점,인천광역시 미추홀구 인주대로 180 (용현동),2022-05-30,37.45535914,126.6569336
86,세븐일레븐 용현굴다리,인천광역시 미추홀구 경인남길 106(용현동),2022-09-02,37.45359212,126.658877
87,지에스25 용현경인점,인천광역시 미추홀구 수봉남로6번길 132(용현동),2022-10-13,37.45559881,126.6631068
88,씨유 용현수봉점,인천광역시 미추홀구 수봉로122번길 3 (용현동) 1층,2023-05-02,37.45758067,126.6631366
89,씨유 인하용현점,인천광역시 미추홀구 한나루로477번길 111 (용현동),2023-06-13,37.45058083,126.6611231
90,지에스25 용현해피점,인천광역시 미추홀구 수봉남로12번길 68 (용현동) 층,2023-12-21,37.45577882,126.6596116
91,소비자공판장,미추홀구 용현2동568-83,1999-05-27,37.45654137,126.6411052
92,스카이마트,미추홀구 용현2동 568-1 (낙섬중로 105),2013-11-25,37.45674093,126.6413078
93,남양슈퍼,미추홀구 낙섬동로 101(용현동),2016-12-14,37.45440385,126.6428986
94,프라임홈마트,"미추홀구 낙섬동로 135, 108호(용현동,미치홀퍼스트@)",2018-11-26,37.45658195,126.6447539
95,지에스25 인천용마점,"낙섬중로 129, 상가4동 113호(용현동,LH미추홀3단지)",2019-01-29,37.45826008,126.6426622
96,미추홀 홈마트,인천광역시 미추홀구 낙섬중로138,2020-06-16,37.45827824,126.6447096
97,GS25용현엑슬루점,미추홀구 용현동 659,2021-02-08,37.45731167,126.637423
98,지에스25용현스타점,"낙섬중로105번길 35-1, 1층(용현동)",2021-02-16,37.45754178,126.6395418
99,미추홀마트,"미추홀구 낙섬중로 138, 1층 (용현동, 미추홀프라자)",2021-07-01,37.45827824,126.6447096
100,지에스25 미추홀퍼스트점,"낙섬동로 135, 상가동 108호 (용현동, 엘에이치퍼스트",2021-08-24,37.45658195,126.6447539
101,이마트24 용현유원점,인천광역시 미추홀구 아암대로45번길 105(용현동) 1층,2022-02-07,37.4549734,126.6411521
102,씨유숭의스마트하우스점,인천광역시 미추홀구 인주대로4번길 10(용현동) 1층,2022-09-27,37.46025424,126.639149
103,(주)코리아세븐 인천용현스타점,인천광역시 미추홀구 낙섬중로105번길 35-1(용현동),2022-12-21,37.45754178,126.6395418
104,씨유 자이독배로점,인천광역시 미추홀구 독배로 395 (용현동) 1층,2023-12-18,37.45515491,126.6489361
105,소비자공판장,미추홀구 용현3동 141-76,1997-02-13,37.45462981,126.6573834
106,빌라마트,미추홀구 용현3동 141-62,2001-07-10,37.45521343,126.6559044
107,은미슈퍼,미추홀구 용현3동 491-1,2004-04-27,37.4575225,126.6542896
108,용현시장마트,미추홀구 용삼길 32,2014-04-02,37.45762263,126.651537
109,위드미인천용현점,미추홀구 미추홀구 경인북길 183 (용현동),2015-06-04,37.45402053,126.6580611
110,세븐일레븐 용현블루온점,"미추홀구 인주대로 149, 102호(용현동)",2017-10-24,37.45665255,126.6537883
111,지에스25용현사거리점,"미추홀구 인주대로 129, 1층(용현동)",2018-01-31,37.45660774,126.6515084
112,경인소비자할인마트,"미추홀구 독배로382번길 19, 1층(용현동)",2018-02-12,37.45361818,126.6497963
113,보훈홈마트,"인주대로 145, 1층, 지층(용현동)",2019-12-02,37.4566627,126.6533146
114,씨유 용현효성해링턴점,인천광역시 미추홀구 인주대로 148(용현동) 제지1층,2021-09-13,37.45596594,126.6534052
115,씨유 용현희망점,"독배로382번길 46, 1층 (용현동)",2021-09-24,37.45291043,126.6510442
116,(주)코리아세븐 인천용현대로점,인천광역시 미추홀구 독배로 384-1(용현동),2021-11-11,37.45409216,126.6489618
117,세븐일레븐 인천용현대로,인천광역시 미추홀구 독배로 384-1(용현동),2021-12-10,37.45409216,126.6489618
118,GS25 용현인하,미추홀구 용현4동49-22,1994-12-02,37.44932803,126.6628763
119,씨유 인하대점,미추홀구 인하로120번길 3(용현동),2022-05-30,37.44973166,126.6613527
120,gs25 인하해성,미추홀구 경인남길30번길 80,2006-05-04,37.45120709,126.6587948
121,롯데쇼핑(주)인하대점,미추홀구 인하로 107(용현동),2010-05-13,37.45048081,126.6601181
122,연홍이네슈퍼,미추홀구 용현4동37-21,2010-06-21,37.44837024,126.6674161
123,GS25 인하사랑,미추홀구 인하로47번길 94,2015-06-05,37.45319605,126.659006
124,씨유 인하대학교점,미추홀구 인하로 77 (용현동),2018-02-01,37.45130398,126.6569373
125,GS25인하대후문점,"인하로 51, 1층(용현동)",2020-02-19,37.45202663,126.6541998
126,지에스25 인하문화,인천광역시 미추홀구 인하로67번길 9(용현동),2022-10-25,37.45194981,126.6560033
127,용현마트,"미추홀구 용현5동 610-209, 1층",2001-02-07,37.45326579,126.6434659
128,용현슈퍼(1),미추홀구 용현5동632-66,2004-08-06,37.45331903,126.6405482
129,오렌지할인마트,미추홀구 낙섬중로 75-1(용현동),2012-04-20,37.45458983,126.6394904
130,마이마트,미추홀구 용현5동,2015-08-20,37.44969035,126.6402369
131,진로식자재마트(주),"미추홀구 매소홀로 55, 1층(용현동)",2017-05-08,37.45066677,126.6326519
132,주식회사토지시장마트,"미추홀구 토금남로 53, 상가동 비01호(용현동,한양@)",2017-06-02,37.45081807,126.6380872
133,장터마트,"미추홀구 낙섬중로38번길 8, 1층(용현동)",2017-12-20,37.45129435,126.637886
134,농축산할인마트,"미추홀구 용정공원로 33, 근린생활시설비동 109호",2018-02-07,37.45201495,126.6450629
135,팔도강산,미추홀구 매소홀로 55 (용현동),2018-05-03,37.45066677,126.6326519
136,미니스톱 용현밀레니엄점,인천광역시 미추홀구 토금북로11번길 19(용현동) 1층,2022-02-28,37.45603052,126.6363358
137,지에스25에스케이뷰,"용정공원로 33, A-4동 107호(용현동)",2019-02-26,37.45201495,126.6450629
138,이마트24 용현대로점,낙섬서로 17(용현동),2019-04-23,37.45125435,126.6342015
139,시스페이스 용현인하,"용정공원로 33, 제씨동 111,112(용현동)",2019-12-31,37.45201495,126.6450629
140,씨유 용현골목길,"낙섬서로18번길 15-2, 1층 (용현동)",2020-02-10,37.45091353,126.635232
141,씨유인하이편,용현동 665-19,2020-04-17,37.44731487,126.6475138
142,씨유 인하헤리움점,인천광역시 미추홀구 용정공원로83번길 49,2020-05-18,37.44756775,126.6485908
143,세븐일레븐 용현노블레스점,"토금남로2,상가동 107.108호(용현동)",2020-06-01,37.45289894,126.632915
144,세븐일레븐 용현5동,"토금북로11번길3, 101호 102",2020-06-24,37.45534418,126.6357957
145,CU 용현한양점,"토금남로53(용현동, 한양아파트제상가동제1층제108호)",2020-09-09,37.45081807,126.6380872
146,씨유 나눔인천용현점,"토금남로72, 1층(용현동)",2020-09-09,37.44970203,126.6395455
147,씨유 용현낙섬중로점,"미추홀구 낙섬중로59번길 16, 1층",2022-02-17,37.4537989,126.6380365
148,세븐일레븐 용현대림점,미추홀구 용현동 627-282,2021-02-08,37.44965361,126.63554
149,세븐일레븐 인하드림점,미추홀구 용현동 665-14 드림빌딩 102,2021-02-08,37.44749267,126.6493428
150,모닝미라클(Morning Miracle),"미추홀구 아암대로 53, 106호(용현동,세인트재활빌딩)",2021-06-02,37.45661955,126.6358522
151,GS25 용현제일점,미추홀구 토금남로 5 (용현동),2021-06-17,37.45300713,126.6334005
152,세븐일레븐 인천용현점,"미추홀구 낙섬서로 27, 1층 (용현동)",2021-06-17,37.45206064,126.6347457
153,이마트24 R용현소망점,인천광역시 미추홀구 토금중로 42(용현동),2021-10-26,37.45247483,126.6377604
154,씨유 용현소망,인천광역시 미추홀구 낙섬동로 71(용현동),2021-12-14,37.45211196,126.6412359
155,지에스25 용현SK점,"인천광역시 미추홀구 용정공원로 33(용현동, 인천 SK",2022-04-05,37.45201495,126.6450629
156,세븐일레븐 용현유원점,인천광역시 미추홀구 낙섬중로 80(용현동) 1층 3호,2022-04-12,37.45469925,126.6400039
157,씨유 용현금호2차점,인천광역시 미추홀구 매소홀로 70(용현동) 상가동 101,2022-07-14,37.44930693,126.633278
158,(주)코리아세븐 용현밀레니엄점,인천광역시 미추홀구 토금북로11번길 19(용현동),2022-07-15,37.45603052,126.6363358
159,씨유 용현클래스,인천광역시 미추홀구 아암대로 15(용현동) 1층 103호,2022-08-22,37.45935628,126.637908
160,씨유 용현수정점,인천광역시 미추홀구 토금중로 9(용현동) 1층,2023-01-16,37.45422613,126.6347498
161,지에스25 인천용학점,"인천광역시 미추홀구 용정공원로 33(용현동, 인천 SK",2023-02-17,37.45201495,126.6450629
162,지에스25 뉴용현어울림점,인천광역시 미추홀구 토금중로 62(용현동) 상가동 101,2023-03-02,37.45153498,126.6397614
163,이마트24 용현엠코타운점,인천광역시 미추홀구 토금북로 53 (용현동) 1층 101호,2023-04-04,37.45325813,126.6399594
164,지에스25 용현센터점,인천광역시 미추홀구 낙섬서로10번길 9-3 (용현동),2023-08-18,37.4504521,126.634408
165,(주)코리아세븐 용현센터점,인천광역시 미추홀구 낙섬중로 67 (용현동),2023-11-28,37.45388245,126.639018
166,이마트24 용현SK점,"인천광역시 미추홀구 용정공원로 33 (용현동, 인천 SK",2023-12-11,37.45201495,126.6450629
167,지에스25 용현아너스빌점,"인천광역시 미추홀구 아암대로 118 (용현동, 용현오션",2023-12-21,37.45240494,126.631098
168,그랜드마트,미추홀구 학익1동422-27,1997-02-13,37.44432036,126.6624819
169,장미슈퍼,미추홀구 학익1동413-1 장미상가 1-5,1997-02-13,37.44453475,126.6567408
170,GS리테일학익점,미추홀구 학익1동 256-19,2004-01-26,37.44227086,126.664235
171,보인엘,인천광역시 미추홀구 햇골길 11 (학익동),2007-03-07,37.43779908,126.6642118
172,장터할인마트,미추홀구 매소홀로446번길 4(학익동677-2),2007-07-03,37.43943351,126.6712636
173,GS25학익위브,미추홀구 학익1동739(노적산로45 학익두산위브 103호),2014-10-15,37.44221986,126.6555912
174,학익마트,미추홀구 한나루로357번길 5-58 (학익동),2017-10-13,37.43940384,126.6607943
175,지에스25 학익타운점,"미추홀구 한나루로 350, 1층(학익동)",2018-03-20,37.43939585,126.662283
176,GS25 학익풍림점,"미추홀구 매소홀로 338, 1층 101동 (학익동)",2018-04-12,37.44151756,126.6596469
177,씨유인천자동차정비단지점,인천광역시 미추홀구 아암대로253번길 36(학익동) 1층,2021-12-20,37.43989892,126.6355969
178,씨유 학익대동,"매소홀로400, 101호(학익동)",2020-02-03,37.43980468,126.6665506
179,씨유 학익현광점,"미추홀구 한나루로357번길 105-49, 1층",2020-02-01,37.43796595,126.6553235
180,지에스25 학익힐스점,"미추홀구 독배로251번길 24, 상가동 103호, 104호",2021-08-12,37.4437747,126.648689
181,(주)코리아세븐 학익대로,"인천광역시 미추홀구 소성로 244(학익동) 1층, 3호",2022-02-15,37.438637,126.6745449
182,씨유 학익보성점,인천광역시 미추홀구 소성로 89(학익동) 지하1층,2022-12-14,37.44519519,126.6591676
183,지에스25 학익대박점,인천광역시 미추홀구 노적산로 70(학익동) 1층 101호,2023-01-02,37.44027659,126.6569653
184,씨유 학익들국화점,인천광역시 미추홀구 소성로228번길 7-35(학익동),2023-01-19,37.43869053,126.673763
185,씨유학익동아풍림점,인천광역시 미추홀구 소성로 122(학익동) 지하1층 지,2023-02-06,37.44340638,126.6622631
186,세븐일레븐 인천남구하나점,인천광역시 미추홀구 학익동 681-1,2023-05-12,37.43902144,126.6684437
187,씨유(CU) 학익센터점,인천광역시 미추홀구 매소홀로428번길 16 (학익동) 상,2023-09-20,37.4389782,126.6693458
188,지에스25학익센터,인천광역시 미추홀구 매소홀로446번길 4 (학익동) 1층,2023-12-22,37.43943351,126.6712636
189,원흥참조은할인마트,인천광역시 미추홀구 한나루로341번길 38 (학익동) 가,2024-01-15,37.43884555,126.6597804
190,현대마트,미추홀구 학익동 647번지 신동아아파트7차상가 지층,1997-02-13,37.44291435,126.6760785
191,마을슈퍼,미추홀구 학익2동306-76,1998-11-27,37.44729788,126.6650957
192,재영마트,미추홀구 학익동 653-1,2001-01-30,37.44298299,126.6782481
193,현석담배,미추홀구 한나루로421번길 39-1,2003-08-18,37.44585394,126.6637708
194,럭키할인마트,학익2동 310-2 허브빌B01호 (재넘이길9번길 26),2013-11-19,37.44612643,126.6657488
195,학익홈마트,"학익2동37-2 청인빌딩 (학익소로63번길8, 102)",2014-07-15,37.44187842,126.670975
196,퀸할인마트,미추홀구 재넘이길61번길 61-35(학익2동312-135),2016-01-18,37.44542689,126.6640335
197,지에스25 학익미소점,미추홀구 주승로 22,2019-01-04,37.44365373,126.6727799
198,홈플러스 익스프레스 인천학익점,매소홀로488번길6-32(학익동),2020-08-26,37.43889382,126.675113
199,세븐일레븐 학익희망,인천광역시 미추홀구 한나루로 420 (학익동) 106호(학,2020-11-23,37.44466548,126.6659833
200,이마트24 R학익만보점,"미추홀구 재넘이길9번길 26, 지1층 비01호(허브빌)",2021-04-19,37.44612838,126.6657355
201,대박할인마트,"미추홀구 한나루로 439, 1층 (학익동)",2021-04-30,37.44647148,126.6666597
202,삼성홈마트,미추홀구 한나루로 441 (학익동),2021-07-07,37.44663895,126.6667143
203,씨유 학익신동아점,"미추홀구 학익소로63번길 71, 1층 (학익동)",2021-07-16,37.44026516,126.67374
204,지에스(GS)25 학익중앙점,미추홀구 소성로185번길 16-5 (학익동),2021-08-06,37.44188512,126.6694697
205,씨유 학익동아,인천광역시 미추홀구 학익소로61번길 107(학익동) 상,2022-07-18,37.44291682,126.6761232
206,지에스25 학익트루엘,"인천광역시 미추홀구 학익소로9번길 24 (학익동, 미추",2023-03-02,37.44680939,126.6689774
207,지에스25 학익석목,인천광역시 미추홀구 학익소로 29 (학익동) 105호,2023-06-22,37.44478424,126.670093
208,동아유통,미추홀구 경인로 203-12,1998-09-23,37.46599843,126.6662824
209,거북미니슈퍼,미추홀구 미추홀대로669번길 94(도화1동 448-13),1994-01-22,37.45745197,126.6746036
210,국제마트,미추홀구 도화1동 634-159,1998-08-04,37.46484009,126.6611523
211,그린마트,미추홀구 숙골로8번길 40-4(도화1동 561-8),2001-02-17,37.46510768,126.6707091
212,홈마트,미추홀구 도화1동 496-10,2002-09-25,37.45999246,126.6698001
213,씨유 수봉공원점,미추홀구 경인로 186-1(도화동),2003-01-20,37.46544396,126.6632038
214,이마트24R도화양지점,석바위로31(도화동),2007-11-13,37.46090892,126.6765929
215,씨유 도화1동,인천광역시 미추홀구 경인로268번길 24(도화동),2021-11-11,37.46167407,126.6700444
216,정성마트,미추홀구 수봉로181번길 46(도화동),2015-11-13,37.46086876,126.6703718
217,위드미 인천도화점,"미추홀구 경인로 181, 101호(도화동)",2017-01-12,37.46612719,126.6629201
218,대박슈퍼,"미추홀구 경인로 282, 1층110호(도화동)",2017-03-16,37.46125881,126.6723178
219,홈플러스(Plus),"미추홀구 경인로 221, 지하 101호(도화동)",2017-05-11,37.46523237,126.6675197
220,주식회사 고든,"미추홀구 제일로 31, 104호(도화동)",2017-09-08,37.45926385,126.6738662
221,주식회사 제일홈마트,"미추홀구 제일로 39, 1층(도화동)",2017-10-17,37.45907787,126.6746145
222,이마트24도화사거리점,"경인로246번길 5,101동 B01,102,103호(도화동)",2018-06-26,37.46326499,126.6694368
223,마트퀸 장보고,미추홀구 경인로 227,2019-04-26,37.46460938,126.6676359
224,어흥이마트,"수봉북로 7-1, 1층 (도화동)",2019-12-26,37.4647403,126.6636566
225,세븐일레븐 인천제일,경인로310(도화동),2020-04-01,37.48240788,126.7899064
226,하나로공판장마,"경인로172번길1, 1층(도화동)",2021-01-12,37.46586443,126.6617105
227,국제마트,인천광역시 미추홀구 경인로172번길 28 (도화동),2020-09-17,37.46487601,126.6611396
228,씨유 도화세림점,"미추홀구 경인로 255, 101동 101호 (도화동)",2021-04-22,37.46323333,126.6706168
229,세븐일레븐 인천도화중앙점,미추홀구 경인로 164-1 (도화동),2021-04-30,37.46604893,126.6609492
230,이마트24 도화파라곤점,인천광역시 미추홀구 한나루로586번길 50(도화동) 1층,2021-10-27,37.45790087,126.6746419
231,이마트24 도화팰리스점,"인천광역시 미추홀구 경인로 301(도화동, 주영팰리스)",2021-11-10,37.46047306,126.6744116
232,세븐일레븐 수봉공원점,인천광역시 미추홀구 경인로 192(도화동),2021-11-19,37.46529653,126.6637964
233,주식회사 와이케이와이유,인천광역시 미추홀구 제일로 31(도화동) 1층,2021-11-30,37.45926385,126.6738662
234,하나로공판장,인천광역시 미추홀구 경인로172번길 1(도화동),2022-02-22,37.46586443,126.6617105
235,지에스25도화동아점,"인천광역시 미추홀구 경인로 203(도화동) 상가동, 지",2022-11-08,37.46531575,126.6654591
236,이마트24 주안한빛점,인천광역시 미추홀구 수봉로171번길 3(도화동) 1층,2022-12-13,37.45930239,126.6681617
237,이마트24도화랜드마크점,"인천광역시 미추홀구 경인로 195 (도화동, 뉴 더웰)",2023-06-12,37.46561697,126.6646048
238,이마트24 도화행복점,인천광역시 미추홀구 경인로252번길 12 (도화동) 1층,2023-10-24,37.46280489,126.6694221
239,참마트,미추홀구 도화2동94-4,1998-11-27,37.46797871,126.6616426
240,대영상회,미추홀구 도화2동109-1,1998-11-27,37.46961431,126.6675774
241,수연하이퍼,미추홀구 도화2동129-4,1998-11-27,37.46679983,126.6713441
242,새마을슈퍼,미추홀구 도화2동146-13,2001-02-27,37.46692231,126.6687447
243,대성상회,미추홀구 미추홀구 동산로 12(도화2동 677-72),2001-03-12,37.46952533,126.6505108
244,부자할인마트,미추홀구 도화2동 102-34,2002-08-13,37.46720818,126.6650938
245,OK할인마트,미추홀구 장고개로42번길 9,2005-04-28,37.47142042,126.6681058
246,만물사,"미추홀구 석정로150번길 33, 1층(도화동)",2016-01-18,37.4677092,126.6538575
247,영마트(도화점),미추홀구 도화2동,2016-02-11,37.47483859,126.6632421
248,이마트24청운대후문점,"숙골로95번길 33, 104호(도화동, 캠퍼스프라자)",2018-03-02,37.46997459,126.6598735
249,GS25 남구도화점,미추홀구 석정로337번길 33(도화동),2018-05-08,37.46917074,126.672904
250,씨유(cu)도화나비점,"미추홀구 숙골로112번길 11, 101호,102호(도화동)",2018-12-19,37.4740307,126.6624979
251,영주철물,"석정로 289 (도화동, 108호)",2019-06-21,37.46833484,126.6674351
252,이마트24도화장고개점,"장고개로42번길 49, 1층(도화동)",2019-10-21,37.47014679,126.6696295
253,DK마트,"미추홀구 석정로301번길 37, 102호",2021-01-05,37.46965414,126.6697976
254,씨유 도화향기점,"미추홀구 석정로 327, 1층 (도화동)",2021-03-22,37.4679645,126.6718078
255,GS25도화서희스타점,미추홀구 숙골로112번길 12,2021-04-01,37.47197085,126.6636459
256,씨유 도화드림점,"미추홀구 석정로302번길 12, 1층 (도화동)",2021-05-27,37.46735054,126.6687995
257,지에스25 도화역점,"미추홀구 숙골로38번길 5, 1층 (도화동)",2021-09-27,37.46646684,126.6674564
258,엄마야채,인천광역시 미추홀구 석정로 275-16(도화동) 4호,2022-02-04,37.4686854,126.6663086
259,지에스25 남구도화점,인천광역시 미추홀구 석정로337번길 33(도화동) 1층,2022-11-17,37.46917074,126.672904
260,씨유도화하늘,"인천광역시 미추홀구 숙골로87번길 5(도화동, 더샵 인",2022-11-30,37.4694746,126.6632619
261,씨유더샵하늘점,"인천광역시 미추홀구 숙골로88번길 12(도화동, 더샵",2022-11-30,37.46953055,126.6645932
262,씨유6공단 2호점,인천광역시 미추홀구 염전로 241 (도화동) 1층,2023-05-02,37.47401304,126.6679377
263,씨유 도화플러스점,인천광역시 미추홀구 석정로302번길 12 (도화동) 1층,2023-05-12,37.46735054,126.6687995
264,씨유 도화청사점,인천광역시 미추홀구 숙골로95번길 13 (도화동) 1층 1,2023-06-13,37.47024071,126.661177
265,지에스25 도화역신태양점,인천광역시 미추홀구 석정로324번길 21-3 (도화동),2023-12-26,37.46679707,126.6713241
266,씨유 도화풍성점,인천광역시 미추홀구 송림로 309 (도화동) 1층,2024-01-05,37.47616162,126.6674705
267,광명마트,미추홀구 도화3동7-55,1998-11-27,37.47575444,126.6569696
268,도화상회,미추홀구 염전로128번길 38(도화3동945-2),2001-02-05,37.47849892,126.6557049
269,중앙식품,미추홀구 염전로144번길 34(도화3동 880),2001-02-13,37.47768967,126.6572054
270,한길디씨마트,미추홀구 도화3동 16-16,2001-04-18,37.47739626,126.6562274
271,자혜슈퍼,미추홀구 도화3동6-6 삼우상가,2004-02-10,37.47627997,126.657798
272,씨유도화파밀리에점,"도화3동982 신동아파밀리에상가B201,B202(송림로178)",2013-12-30,37.47645444,126.653822
273,씨유 6공단1호점,인천광역시 미추홀구 장고개로 42(도화동) 1층,2017-05-18,37.47174106,126.6679342
274,씨유 6공단2호점,"미추홀구 염전로 241, 1층(도화동)",2017-06-19,37.47401304,126.6679377
275,한일유통,미추홀구 연송로 30(도화동),2017-07-24,37.47823776,126.6548861
276,도화할인마트,미추홀구 연송로 46 (도화동),2017-10-11,37.4777404,126.6556884
277,싸군 Market(도화점),"장고개로67, 제3호(도화동)",2018-06-08,37.47393413,126.6684881
278,세븐일레븐인천도화금,"염전로202번길 48-4, 102호(도화동,인천도화금강점)",2018-11-22,37.47587057,126.6613722
279,지에스25 도화보영점,미추홀구 숙골로88번길 46,2018-12-24,37.47472939,126.6656222
280,지에스25 도화지젤점,"염전로168번길 28, B동 115, 116호(도화동)",2019-04-23,37.47698563,126.6591366
281,씨유도화지젤점,"염전로168번길 28, A동 110호,111호,112호(도화동)",2019-05-20,37.47698563,126.6591366
282,인천마트,"송림로 327, 1층(도화동)",2019-06-10,37.47646204,126.669309
283,씨유 도화하늘점,"숙골로87번길 5, 204동 1층 01,02호(스카이타워2단지)",2021-02-16,37.4694746,126.6632619
284,씨유 더샵하늘점,"숙골로88번길 12, 110동 1층 01호(스카이타워1단지)",2021-02-16,37.46953055,126.6645932
285,미니스톱 도화물류센터점,"미추홀구 염전로144번길 24-5, 1층 101호(어반스뷰5차",2021-04-07,37.47797583,126.6575151
286,(주)코리아세븐 도화센터점,인천광역시 미추홀구 염전로144번길 24-5(도화동) 지,2022-07-13,37.47797583,126.6575151
287,주안식품,미추홀구 미추홀구 경인로329-1(주안동 199-17),1995-01-10,37.45891337,126.6766911
288,씨유 주안서로점,미추홀구 미추홀대로719번길 24 (주안동),1998-11-27,37.46187187,126.6787872
289,현대식품,미추홀구 주안1동199-3,1999-01-28,37.45965221,126.6767286
290,세븐일레븐주안시민점,"미추홀구 주안서로 10 (주안동, 1층)",2004-11-25,37.45963231,126.6779886
291,세븐일레븐 석바위점,"주안동로 7, 1층 (주안동)",2011-01-27,37.45883003,126.6856445
292,현대홈마트,미추홀구 주안1동 79-8 (경인로399-1),2014-05-21,37.45846057,126.6845436
293,디스웨이,미추홀구 주안1동 229-1 (미추홀구 주안로90번길 16),2014-07-14,37.46318522,126.679433
294,지마트24,인천광역시 미추홀구 석바위로 73,2014-07-31,37.46118948,126.681163
295,진로마트,미추홀구 주안동 116-11,2015-07-13,37.46298112,126.6858316
296,세븐일레븐인천주안신,"미추홀구 석바위로 79, 102동 101,102호(주안동)",2017-02-17,37.46116034,126.6819861
297,해피에브리데이(주),"미추홀구 미추홀대로 736, 1층(주안동)",2017-04-24,37.46330616,126.6807725
298,세븐일레븐주안대로점,"미추홀구 주안로 102-1(주안동, 1층(코너점포))",2017-05-12,37.46379042,126.6810625
299,행복한식자재마트,"미추홀구 석바위로53번길 8, 1층(주안동)",2017-08-30,37.46126926,126.678982
300,미니스톱 주안본점,"미추홀구 미추홀대로734번길 37, 1층(주안동)",2017-08-30,37.46308234,126.6826093
301,지에스25 주안석바위점,인천광역시 미추홀구 석바위로 112(주안동) 2층,2018-06-26,37.460001,126.6852786
302,이마트24 주안미추홀,미추홀구 미추홀대로 719(주안동),2018-10-11,37.46166331,126.6798918
303,세븐일레븐 주안석바,"미추홀구 석바위로 99, 1층(주안동)",2018-11-22,37.46086213,126.6842106
304,씨유주안부성파인점,"미추홀대로719번길 4, 1층 116호(주안동,부성파인)",2019-08-19,37.46194148,126.6798034
305,이마트24 인천주안로,"주안로 48, 1층 101호 (주안동)",2020-04-21,37.46408342,126.6747791
306,형인사,"주안서로41, 101호(주안동,태극아파트)",2020-05-28,37.46224163,126.6776926
307,씨유주안지웰,"경인로403, 101동 115호(주안동)",2020-06-20,37.49795843,126.8643477
308,(주)씨월드지점 월드할인마트,주안로116,2020-08-25,37.46347728,126.6825195
309,미송아파트 입주자대표회의 관리단,"인천광역시 미추홀구 주안로 52 (주안동, 미송아파트)",2020-11-05,37.4640215,126.6754274
310,주안선상통로 종합편의점,미추홀구 주안로 95-19,2021-01-27,37.46498257,126.6806038
311,이마트24주안1동점,미추홀구 주안중로 42-1,2021-02-03,37.46235625,126.6829236
312,GS25 주안 더리브점,"경인로325번길 18, 1층(우진빌딩)",2021-04-16,37.4596581,126.6767091
313,씨유 주안힐탑점,"미추홀구 주안서로 18, 1층 111호",2021-07-21,37.46039683,126.6779952
314,세븐일레븐 주안예찬점,"인천광역시 미추홀구 주안동로 43-1(주안동) 1층,영림",2022-02-14,37.4622227,126.685816
315,지에스25 주안사거리점,인천광역시 미추홀구 석바위로 61(주안동) 101호,2022-02-28,37.46104788,126.6799444
316,지에스25 주안역삼거리점,인천광역시 미추홀구 미추홀대로 733(주안동) 1층,2022-03-21,37.46292968,126.6799933
317,공원할인마트,인천광역시 미추홀구 주안서로43번길 8(주안동) 2층,2022-08-17,37.46276278,126.6773311
318,형인사,"인천광역시 미추홀구 주안서로 41(주안동, 태극아파트",2022-08-29,37.46224163,126.6776926
319,(주)코리아세븐 주안우리들점,인천광역시 미추홀구 주안로 128(주안동) 101호,2023-01-04,37.4635699,126.683828
320,에이스마트,인천광역시 미추홀구 주안로56번길 3 (주안동) 1층 10,2023-05-22,37.46400666,126.6758295
321,지에스25주안하이텔점,"인천광역시 미추홀구 미추홀대로697번길 22 (주안동,",2023-08-03,37.4599399,126.6785806
322,씨유 주안미소점,인천광역시 미추홀구 주안중로 7 (주안동) 1층 1호,2023-11-21,37.45917319,126.6824949
323,주안홈마트,미추홀대로 645번길 33,1998-11-27,37.45491978,126.677831
324,현대마트,"미추홀구 주안2동 597-1, 1층",1994-12-22,37.45506452,126.6717215
325,규리탄마트,미추홀구 주안2동1454-29,1994-12-22,37.45369986,126.6795355
326,수봉할인마트,미추홀구 주안2동 624-10,2001-02-02,37.45762935,126.6704338
327,씨유주안힐스테이트정문점,미추홀구 인주대로317번길 30(주안동),2002-04-17,37.45212324,126.6717759
328,임마누엘할인마트,미추홀구 주안2동 508-23,2003-05-22,37.45748469,126.6759856
329,동양마트,미추홀구 주안2동 475-11,2004-01-16,37.45620123,126.6792646
330,낙원할인마트,미추홀구 주안2동 605-17,2006-01-06,37.45531795,126.6706437
331,대성할인마트,미추홀구 주안2동 667,2006-04-24,37.45420744,126.665347
332,월드할인마트,미추홀구 주안2동1417-50,2007-02-20,37.45246077,126.672106
333,대풍농축산마트,미추홀구 주안2동 558-7,2009-12-22,37.45396328,126.675496
334,늘푸른마트,미추홀구 수봉로 146(주안동),2012-03-02,37.45726502,126.6658555
335,365세일마트,주안2동557-10 (미추홀구 제일로40번길 93-35),2014-07-01,37.45457786,126.6754974
336,한마트,"미추홀구 인주대로251번길 55, 1층(주안동)",2015-03-12,37.45481026,126.6668278
337,진로 할인마트,미추홀구 인주대로 319,2017-02-10,37.45212455,126.6720526
338,이마트24(주안용남점),미추홀구 인주대로265번길 22 (주안동),2018-05-28,37.45378422,126.666456
339,씨스페이스 미추홀점,미추홀대로 637,2019-11-15,37.45435322,126.6796833
340,제이(J)마트,한나루로516번길39(주안동),2020-06-05,37.45279064,126.6703266
341,세븐일레븐 미추홀수봉점,경인북길357번길1(주안동),2020-08-21,37.45685784,126.667097
342,이마트24 주안한나루점,인천광역시 미추홀구 한나루로526번길 10 (주안동),2020-09-21,37.45335215,126.6690706
343,주안시장마트,인천광역시 미추홀구 경인로326번길 31 (주안동),2020-09-22,37.4571794,126.6758763
344,씨유 주안한나루로,"한나루로527번길 13, 1층",2020-12-28,37.45391951,126.6680102
345,이마트24 수봉스카이점,"인천광역시 미추홀구 경인북길 383(주안동, 평안아트",2022-07-19,37.45769914,126.668229
346,주안시장마트,인천광역시 미추홀구 경인로326번길 31(주안동) 2호,2023-03-16,37.4571794,126.6758763
347,지에스25주안프라임,인천광역시 미추홀구 남주길147번길 3 (주안동) 1층 1,2023-05-12,37.45391674,126.677485
348,씨유 주안힐스,인천광역시 미추홀구 남주길 150 (주안동) 근린생활시,2023-07-18,37.45343014,126.6768057
349,씨유 주안푸르지오,"인천광역시 미추홀구 남주길 150 (주안동, 힐스테이트",2023-09-15,37.45343014,126.6768057
350,지에스더프레시 인천주안점,"인천광역시 미추홀구 남주길 150 (주안동, 힐스테이트",2023-11-01,37.45343014,126.6768057
351,지에스25 주안센트라스점,인천광역시 미추홀구 한나루로573번길 9 (주안동) 1층,2023-12-21,37.45748412,126.6707611
352,주안소비자마트,미추홀구 신기길58번길 50(주안동),2019-05-30,37.44563596,126.6739541
353,월드마트,미추홀구 주안3동723-15,1998-11-27,37.45133181,126.670421
354,남양슈퍼,미추홀구 인하로209번길 26(주안동),2001-02-07,37.44976833,126.671796
355,지에스25 주안파크자이점,미추홀구 신기길16번길 70,2016-01-20,37.44759285,126.6727753
356,럭키홈마트,"미추홀구 한나루로 468 (주안동, 은진빌딩)",2017-05-12,37.4486473,126.6678973
357,미추홀 편의점,"미추홀구 신기길30번길 65, 1층(주안동)",2019-01-15,37.44670188,126.6729512
358,레몬비 주안점,"미추홀구 한나루로458번길 1, 102호",2021-02-09,37.44789513,126.6681195
359,이마트24 주안인주점,인천광역시 미추홀구 인주대로 332(주안동) 101호,2022-03-22,37.45141451,126.6733718
360,씨유주안파크자이후문,인천광역시 미추홀구 신기길30번길 69-49(주안동) 1층,2023-02-17,37.44612401,126.6732278
361,지에스25 주안자이점,"인천광역시 미추홀구 인하로222번길 20 (주안동, 주안",2023-04-14,37.44784675,126.6721571
362,이마트24 주안신기점,"인천광역시 미추홀구 신기길58번길 43-3 (주안동, 건",2023-06-09,37.44544704,126.6743857
363,이마트24 주안예찬점,인천광역시 미추홀구 인하로 224 (주안동) 1층,2023-11-24,37.44833278,126.6728821
364,엄마손마트,"미추홀구 주안4동 426-25, 1층 (동주길135-43)",1994-12-22,37.45739856,126.6824609
365,왕마트,미추홀구 주안4동 1474-20,2000-06-01,37.45365601,126.6818152
366,한진할인마트,미추홀구 주안4동1543-7,2000-04-18,37.45710905,126.6913327
367,O.K공판장,미추홀구 주안4동 388-10,2001-05-10,37.45531799,126.6849681
368,주안마트,미추홀구 경인로418번길 28 (주안동),2001-11-19,37.45668305,126.6862313
369,신용하이퍼,미추홀구 주안4동 316-14,2003-01-20,37.45485961,126.6875007
370,하나마트,미추홀구 주안4동 1476-13,2006-04-11,37.45321625,126.6832994
371,공간슈퍼,미추홀구 주안4동 1480-32 (미추홀대로614번길 59),2014-12-26,37.45190328,126.683259
372,대성토탈시스템(할인마트),인천광역시 미추홀구 경인로430번길 66-5(주안동) 1층,2015-05-19,37.45484542,126.6874847
373,GS25 주안세일점,미추홀구 동주길 76(주안동),2015-10-21,37.45472663,126.6849257
374,화영이고모할인마트,미추홀구 구월남로 2(주안4동),2016-01-29,37.45463912,126.6899572
375,씨유 주안빌리지점,"미추홀구 미추홀대로614번길 33, 1층(주안동)",2018-01-18,37.45202331,126.6817898
376,한국슈퍼,미추홀대로646번길 17 (주안동),2019-05-29,37.45504177,126.6809814
377,주안중앙,"구월로8번길 16, 2층 202호(주안동,세종빌딩)",2019-09-17,37.4570674,126.6916324
378,아이지에이인천주안점,동주길97번길 12,2020-12-29,37.45570855,126.6842497
379,슈퍼킹,"미추홀대로614번길 17, 1층 상가호(주안동, 현대프자)",2021-04-15,37.45214516,126.6809653
380,이마트24 주안대로점,인천광역시 미추홀구 경인로 402(주안동) 1층,2021-12-20,37.45790351,126.6846596
381,씨유 구월주하점,인천광역시 남동구 구월남로48번길 39(구월동) 1층,2022-07-29,37.45200205,126.6944217
382,씨유 주안에듀포레점,인천광역시 미추홀구 경원대로780번길 22(주안동) 1층,2022-08-11,37.45397016,126.6928006
383,지에스25 인천포레나,"인천광역시 미추홀구 경인로 372(주안동 , 포레나 홀)",2022-11-16,37.4580182,126.6811632
384,씨유 석바위시장역점,인천광역시 미추홀구 경인로 452 (주안동) 1동 102호,2023-04-10,37.45755067,126.6903479
385,씨유주안사랑점,인천광역시 미추홀구 경인로 438 (주안동) 1층,2023-08-16,37.45768606,126.6887928
386,현대마트,미추홀구 주안5동10-194,1999-03-15,37.46951616,126.675476
387,인천할인마트,"미추홀구 석정로 433(주안동, 102호일부)",1999-04-03,37.4667456,126.6836647
388,GS25 주안하나점,인천광역시 미추홀구 염전로334번길 29(주안동),2021-12-08,37.4694513,126.6769601
389,제일미니슈퍼,미추홀구 주안5동28-7 동일에센빌 101,2000-03-03,37.46581028,126.6760537
390,씨유 주안베스티움,미추홀구 염창로 35 (주안동),2012-11-29,37.46624009,126.6778783
391,씨유 주안공단,"미추홀구 길파로39번길 2, 1층(주안동)",2020-10-30,37.46935638,126.6796258
392,지에스25 주안서이,"미추홀구 염전로 330, 116호(주안동,주안제이타워)",2017-04-27,37.47042891,126.6767353
393,씨유 주안5동점,"미추홀구 주염로28번길 3, 1층(주안동)",2018-10-11,37.46820211,126.6821981
394,소문난DC마트,"미추홀구 염창로 58, 아이존 A동 지하1층 219호",2019-03-19,37.46554181,126.6804649
395,현대홈마트,"미추홀구 석정로351번길 12, 105동 110호",2019-03-19,37.46789579,126.6747225
396,현광세일마트,"염창로 92, 1층(주안동)",2019-04-10,37.46530862,126.6839482
397,씨유 주안제이타워2차,"방축로 312, 127호,128호(주안동,주안제이타워2차)",2019-05-27,37.47440152,126.677486
398,마마트,"석정로433번길 25, 1층 102호 (주안동)",2019-07-26,37.46771388,126.6842231
399,(주)정감유통,"남동구 염전로 407, 1층(간석동)",2019-08-13,37.46946656,126.6852522
400,착한마트,주안5동,2020-01-15,37.47003239,126.6793521
401,이마트24R주안북부,"염창로65-1, 1층(주안동)",2020-02-28,37.46578415,126.6813889
402,씨유주안태화점,"석정로360, 103호(주안동)",2020-03-26,37.46710903,126.6756736
403,씨유 주안석정,"석정로351번길52, 1층(주안동)",2020-07-16,37.46988456,126.6748108
404,세븐일레븐 인천주안광명점,"석정로375번길11, 1층(주안동)",2020-09-07,37.46779195,126.6772383
405,동부홈마트,"미추홀구 염전로 414, 상가동 1층 109,110호(주안동)",2021-07-09,37.46878069,126.6861912
406,씨유 주안하늘점,인천광역시 미추홀구 석정로433번길 29(주안동),2021-07-12,37.46783691,126.6843064
407,이마트24 주안로또점,"미추홀구 석정로 389-5, 1층 (주안동)",2021-09-28,37.46718079,126.678787
408,세븐일레븐 주안센트레빌점,"인천광역시 미추홀구 염전로 414(주안동, 주안역 센트",2021-11-10,37.46878069,126.6861912
409,이마트24 R주안사랑점,인천광역시 미추홀구 석정로461번길 35-8(주안동) 1층,2022-02-16,37.46785345,126.6868647
410,(주)코리아세븐 인천주안현대점,인천광역시 미추홀구 길파로35번길 75(주안동),2022-02-18,37.46952991,126.6754616
411,세븐일레븐 인천주안북부점,인천광역시 미추홀구 길파로 10(주안동) 1층,2022-07-05,37.46658439,126.6795754
412,세븐일레븐 인천주안공단점,인천광역시 미추홀구 주염로 51(주안동) 1층,2022-07-06,37.47000189,126.6831448
413,씨유 주안더로프,인천광역시 미추홀구 석정로 384 (주안동) 1층 101호,2023-05-31,37.46675245,126.6781587
414,(주)샤인유통 간석점,인천광역시 부평구 방축로 429 (십정동),2023-06-28,37.47111257,126.6901462
415,GS25 주안공단점,인천광역시 미추홀구 염전로 362 (주안동) 1층,2023-09-01,37.47013656,126.6801551
416,GS25 석바위점,"미추홀구 석바위로143, 1층",2020-05-13,37.45993931,126.6888629
417,광해할인마트,미추홀구 주안6동 966-3 광해리드빌상가106호,2002-10-14,37.46398811,126.6878831
418,만인슈퍼,미추홀구 주안6동 1591-2 (구월로 19번길 35),2004-08-18,37.45881812,126.6936639
419,복지상회,미추홀구 주안6동 939-1,2008-06-04,37.45964136,126.6905833
420,지에스25 주안달님,미추홀구 주안6동 927-26 101호,2008-10-29,37.46273804,126.6912051
421,씨유 월드스테이트점,인천광역시 미추홀구 경원대로864번길 118(주안동) 제,2009-04-01,37.46233228,126.6953561
422,주식회사 에이알상사,인천광역시 미추홀구 경원대로852번길 84(주안동),2013-04-01,37.46020349,126.6937256
423,민-마트,미추홀구 주안6동 975-2 (경원대로 897-15),2014-11-24,37.46291727,126.6887403
424,청도할인마트,미추홀구 경원대로887번길 24-3(주안동),2016-01-19,37.46214679,126.6880795
425,아이마트 주안동점,미추홀구 경원대로 901 (주안6동969-7),2016-11-22,37.46322939,126.6894616
426,세븐일레븐 인천주안희망점,"미추홀구 주안동로12번길 2, 1층(주안동)",2017-06-01,37.45924274,126.685968
427,이마트24 주안월드,"미추홀구 주안로226, 102호(주안동, 중심상가)",2018-02-28,37.46300627,126.6952992
428,강화할인마트,"미추홀구 주안로 151-3, 1층 일부(주안동)",2018-07-23,37.46395067,126.6867042
429,씨유 주안해마루점,"주안로 182, 105호 (주안동, 해마루 더펠리체)",2019-07-26,37.46319957,126.6901831
430,새로나마트,"구월로19번길 36, 11호(주안동)",2019-11-05,37.45870622,126.6942227
431,착한마트 석바위점,"경인로499번길23-5, 제지1층B01호(주안동, 센스빌)",2020-03-05,37.46095978,126.6939653
432,씨유 주안동행,"경원대로897번길41, 1층(주안동, 동우그린맨션)",2020-03-18,37.46307532,126.6873463
433,이마트24 석바위사장역점,"구월로14, 1층(주안동)",2020-05-28,37.45749172,126.6917168
434,이마트24 인천석바위점,경원대로864번길 12,2020-01-05,37.459632,126.6904132
435,지에스25주안월드점,"미추홀구 경인로485번길 33, 1층",2020-02-03,37.46087594,126.6923861
436,(주)코리아세븐 주안현대점,"미추홀구 구월로 38 (주안동, 1층 1호)",2021-03-10,37.45721452,126.6944014
437,씨유 인천간석역점,"미추홀구 주안로213번길 15, 101호 (주안동)",2021-07-09,37.4642261,126.6935741
438,강화할인마트,"미추홀구 주안로 151-3, 1층 일부 (주안동)",2021-07-30,37.46395067,126.6867042
439,이마트24 주안월드스테이트점,"주안로 226, 1층 102호(주안동, 더월드스테이트)",2021-09-03,37.46300627,126.6952992
440,이마트24 주안청울림점,"인천광역시 미추홀구 주안로 170(주안동, 주안역 청울",2022-09-14,37.46329462,126.6887094
441,이마트24 R주안석바위점,인천광역시 미추홀구 경인로425번길 30(주안동) 1층,2023-03-03,37.45943423,126.6876096
442,지에스25주안센터점,인천광역시 미추홀구 주안로160번길 53 (주안동) 1층(,2023-08-03,37.46114472,126.6876146
443,이마트24 R주안경인로,인천광역시 미추홀구 경인로 482 (주안동) 1층,2023-08-18,37.45907925,126.6933947
444,지에스25 주안빌리지점,인천광역시 미추홀구 주안로205번길 14 (주안동) 1층,2023-12-21,37.4641656,126.6929335
445,문학하이퍼,미추홀구 주안7동1282-8,1994-12-22,37.44473459,126.6798563
446,창대할인마트,"미추홀구 인하로257번길 31(주안동, 1층)",2001-02-07,37.44980123,126.6768042
447,로얄할인마트,미추홀구 인주대로366번길 23(주안동),2016-01-19,37.45027144,126.6772555
448,신라할인마트,"미추홀구 인하로247번길 25, 가동 101호(주안동)",2016-06-27,37.44957521,126.6755719
449,곰돌이문구매점,"인하로236번길 5 (주안동,코너상가)",2019-04-30,37.44807283,126.6744094
450,세븐일레븐주안남광로,인하로257번길 21 (주안동),2019-07-31,37.44928925,126.6767283
451,씨유 주안쌍용점,인천광역시 미추홀구 인하로 296 (주안동),2020-11-23,37.44756126,126.6810299
452,씨유 신기촌하나점,"미추홀구 신기길 2, 1층 (주안동)",2021-06-15,37.44810024,126.676487
453,씨유 주안태평한신점,인천광역시 미추홀구 주승로 85(주안동),2022-07-04,37.44474397,126.6798252
454,지에스(GS)25 주안승학,인천광역시 미추홀구 승학길 72 (주안동) 1층,2023-05-02,37.44265992,126.6798209
455,이마트24 R인천인하로,인천광역시 미추홀구 인하로257번길 6 (주안동) 1층,2023-08-18,37.44851506,126.6769433
456,팜스마트,인천광역시 미추홀구 인주대로 384 (주안동),2023-10-04,37.45108402,126.6791955
457,이마트24 주안로얄점,인천광역시 미추홀구 미추홀대로 589 (주안동) 나동 1,2023-11-24,37.44994248,126.6795057
458,지에스25 주안태평점,인천광역시 미추홀구 승학길 85 (주안동) 1층,2023-12-29,37.443296,126.6796744
459,세븐일레븐인천승기점,미추홀구 주안8동1563-9 (경원대로752번길 19) 104호,1996-12-23,37.4501539,126.6910261
460,대동문구,"인주대로418번길 15, 103호(주안동, 광명@상가)",2001-02-01,37.45038238,126.6830584
461,우전쌀마트,미추홀구 주안8동 1161-88,2001-02-09,37.4473925,126.683375
462,이레마트,"미추홀구 인하로298번길 29(주안동, 진흥@상가 107)",2005-06-24,37.44660848,126.6814752
463,주안홈마트,"미추홀구 인하로 346, 1층(주안동)",2015-08-24,37.44786527,126.6865896
464,에이플러스마트,"미추홀구 인하로329번길 13, 1층(주안동)",2017-01-17,37.44877249,126.6846561
465,씨유 주안신기점,"미추홀구 미추홀대로586번길 58, 1층(주안동)",2022-07-25,37.44921343,126.6829673
466,GS25주안에쉐르점,"미추홀구 주승로110,주안에쉐르아파트 지하1층",2018-06-22,37.44486923,126.6830072
467,아싸비어 신기시장점,"미추홀구 미추홀대로 590, 1층 (주안동)",2018-09-04,37.45002458,126.6800477
468,이마트24 주안가현점,"미추홀구 경원대로 743, 1층 102,103호(주안동)",2018-11-22,37.44897894,126.6896338
469,씨유주안우리점,"인주대로446번길 13, 1층(주안동)",2019-06-21,37.45022409,126.6861057
470,세븐일레븐주안한신휴,"승학길104번길 30, 102호~106호",2019-10-28,37.4437066,126.6812456
471,이마트24 주안승기사거리점,인천광역시 미추홀구 인주대로 472 (주안동) 1층(주안,2020-11-13,37.45044215,126.6890768
472,지에스25주안행복점,"인주대로418번길 15, 1층 103호, 105호(주안동)",2021-02-16,37.45038238,126.6830584
473,씨유 주안신비점,"주승로 150, 1층 101호(주안동, 신비마을상가)",2021-02-18,37.44534783,126.6869219
474,알지(RG)카페,인천광역시 미추홀구 인주대로470번길 21(주안동) 1층,2022-05-06,37.44994792,126.6892038
475,불티나슈퍼,미추홀구 관교동473-13,1996-03-05,37.44585596,126.6918426
476,씨유 관교동아,"인하로430번길9 상가-101(관교동, 동아아파트)",1994-12-22,37.44503726,126.6946046
477,한아름 마트,미추홀구 관교동 13-6 (인하로446),2001-02-02,37.44379542,126.6956982
478,호산할인마트,인천광역시 미추홀구 인하로411번길 25 (관교동) 1층,2013-05-14,37.44758695,126.6938771
479,늘푸른농축산마트,미추홀구 관교동451-37(주승로153-17)리산주택101호,2013-06-11,37.44590284,126.6873266
480,에스알유통,"미추홀구 주승로247, 지하 1호, 2호(관교동, 동부@)",2015-07-06,37.44129096,126.6956246
481,우리마트,"미추홀구 주승로 197, 1층(관교동 483-11)",2016-03-17,37.4447663,126.6921984
482,이마트24(관교승학점),미추홀구 관교동,2018-03-13,37.4431273,126.6967429
483,조광할인마트,"미추홀구 인하로396번길 19, 1층(관교동)",2018-03-21,37.4467427,126.6917951
484,한우촌웰빙할인마트,"미추홀구 주승로 232, 1층(관교동)",2018-07-31,37.44254117,126.6945277
485,굿모닝 할인마트,"미추홀구 경원대로640번길 30, 1층 (관교동)",2022-04-12,37.44112122,126.6954181
486,드림유통,"경원대로652번길 29, 1층(관교동)",2019-09-10,37.44212287,126.6946136
487,(주)그린비지니스(미,"경원대로670번길5-27,202호(관교동)",2020-04-13,37.44346852,126.6914515
488,대경마트,"주승로183, 1층(관교동)",2020-07-29,37.44552538,126.6908788
489,씨유 관교 인하로점,인천광역시 미추홀구 인하로 398 (관교동),2020-10-28,37.44741701,126.6920691
490,씨유 관교원룸점,"미추홀구 경원대로652번길 29, 1층 일부호 (관교동)",2021-03-19,37.44212287,126.6946136
491,이마트24 인천관교점,"미추홀구 주승로 197, 1층 (관교동)",2021-06-21,37.4447663,126.6921984
492,콩순이마트,인천광역시 미추홀구 주승로 264(관교동) 1층 103호,2023-02-16,37.43986722,126.6953592
493,씨유 관교중앙,인천광역시 미추홀구 인하로406번길 43 (관교동) 1층,2023-07-12,37.44542761,126.691324
494,이마트24 관교타운점,인천광역시 미추홀구 경원대로640번길 6-45 (관교동),2023-08-01,37.44004508,126.6950111
495,롯데쇼핑(주) 인천점,인천광역시 미추홀구 연남로 35 (관교동),2023-11-23,37.44250623,126.7015187
496,한솔할인마트,미추홀구 문학동334-1,2001-02-12,37.44039493,126.6800423
497,진마트,미추홀구 문학동348-1,2001-08-09,37.43889927,126.6845407
498,롯데쇼핑(주)인천문학,"미추홀구 소성로 335(문학동, 1층)",2007-10-09,37.43765425,126.6845091
499,그린마트,미추홀구 소성로 315(문학동),2015-07-30,37.43778893,126.6823474
500,노른자마트,미추홀구 문학길 147 (문학동),2016-01-19,37.43467171,126.685891
501,우리할인마트,미추홀구 소성로 289(문학동),2018-10-25,37.43772898,126.6792648
502,문경마트,"인천광역시 미추홀구 승학길 28, 101호 (문학동)",2019-02-15,37.44069363,126.6796507
503,세븐일레븐 인천문학공원점,미추홀구 소성로 300 (문학동),2021-04-20,37.43758933,126.6803976
504,씨유 문학하늘점,"미추홀구 소성로318번길 23-7, 1층 일부 (문학동)",2021-07-19,37.43663862,126.6826523
505,세븐일레븐 문학에이스점,인천광역시 미추홀구 문학길 47(문학동) 1층(좌측일부,2021-10-26,37.43654312,126.6812149
506,로얄할인마트,인천광역시 미추홀구 소성로294번길 17-32(문학동),2023-03-09,37.43640735,126.6804212
507,세븐일레븐 인천문학중앙점,인천광역시 미추홀구 소성로332번길 7 (문학동) 1층,2023-04-20,37.43708799,126.6841142
508,이마트24 문학타운점,"인천광역시 미추홀구 소성로 269 (문학동, 삼보그린빌",2023-05-26,37.43791576,126.6773459
509,씨유 문학정보점,인천광역시 미추홀구 문학길 147 (문학동) 1층,2023-07-14,37.43467171,126.685891
